{"contracts/Counter.sol":{"jobHash":"solc-0_8_28-f51ae87ae795dce4b7c7ed5c8b1e794e7ad8d02a","isolated":false,"artifactPaths":["/home/shiv-mishra/Downloads/real zkp/artifacts/contracts/Counter.sol/Counter.json"],"buildInfoPath":"/home/shiv-mishra/Downloads/real zkp/artifacts/build-info/solc-0_8_28-f51ae87ae795dce4b7c7ed5c8b1e794e7ad8d02a.json","buildInfoOutputPath":"/home/shiv-mishra/Downloads/real zkp/artifacts/build-info/solc-0_8_28-f51ae87ae795dce4b7c7ed5c8b1e794e7ad8d02a.output.json","typeFilePath":"/home/shiv-mishra/Downloads/real zkp/artifacts/contracts/Counter.sol/artifacts.d.ts","wasm":false},"contracts/Counter.t.sol":{"jobHash":"solc-0_8_28-963e41b36889c62504e90bb6d0a6e674b2549111","isolated":false,"artifactPaths":["/home/shiv-mishra/Downloads/real zkp/cache/test-artifacts/contracts/Counter.t.sol/CounterTest.json"],"buildInfoPath":"/home/shiv-mishra/Downloads/real zkp/cache/test-artifacts/build-info/solc-0_8_28-963e41b36889c62504e90bb6d0a6e674b2549111.json","buildInfoOutputPath":"/home/shiv-mishra/Downloads/real zkp/cache/test-artifacts/build-info/solc-0_8_28-963e41b36889c62504e90bb6d0a6e674b2549111.output.json","wasm":false}}