{
  "_format": "hh-sol-cache-2",
  "files": {
    "/home/shiv-mishra/Downloads/real zkp/contracts/MerkleUtils.sol": {
      "lastModificationDate": 1761060652638,
      "contentHash": "85f923ecc790e232fb12a7adf444c3ca",
      "sourceName": "contracts/MerkleUtils.sol",
      "solcConfig": {
        "version": "0.8.17",
        "settings": {
          "optimizer": {
            "enabled": false,
            "runs": 200
          },
          "outputSelection": {
            "*": {
              "*": [
                "abi",
                "evm.bytecode",
                "evm.deployedBytecode",
                "evm.methodIdentifiers",
                "metadata"
              ],
              "": [
                "ast"
              ]
            }
          }
        }
      },
      "imports": [],
      "versionPragmas": [
        "^0.8.17"
      ],
      "artifacts": [
        "MerkleUtils"
      ]
    },
    "/home/shiv-mishra/Downloads/real zkp/contracts/Verifier.sol": {
      "lastModificationDate": 1761060641816,
      "contentHash": "8de4ffaccc2a47b604aef0b349513cc0",
      "sourceName": "contracts/Verifier.sol",
      "solcConfig": {
        "version": "0.8.17",
        "settings": {
          "optimizer": {
            "enabled": false,
            "runs": 200
          },
          "outputSelection": {
            "*": {
              "*": [
                "abi",
                "evm.bytecode",
                "evm.deployedBytecode",
                "evm.methodIdentifiers",
                "metadata"
              ],
              "": [
                "ast"
              ]
            }
          }
        }
      },
      "imports": [],
      "versionPragmas": [
        "^0.8.17"
      ],
      "artifacts": [
        "Verifier"
      ]
    }
  }
}
